particle,depth_n,C_n,m_over_me
electron,0,1.0,1.0
muon,11,1.0382912674701439,206.62517963887018
tau,17,0.9918693812442164,3541.965838179835
up,5,1.0,11.090169943749476
down,5,1.1010258818099912,12.210564141739427
charm,9,1.0,76.01315561749645
strange,7,1.0,29.03444185374864
bottom,13,1.0,521.0019193787257
top,16,1.0,2206.9995468961474
proton,16,0.8498316985738593,1875.5781736904908
neutron,16,0.8500278060445017,1876.0109827893416
